Mutator,lex.pl,Lexer.pm,DFA.pm,parse.pl,Parser.pm,rend.pl,g2m.pl,Marpa.pm,Renderer.pm
attribute,,,Y,,,,,,
brace_count,,,Y,,,,,,
description,Y,Y,,,,,Y,Y,
dfa,,Y,Y,,,,,,
edges,,,,,Y,,,,
graph_text,,Y,Y,,,,,,
input_file,Y,Y,,,,,Y,Y,
item_count,,,Y,,Y,,,,
items,,Y,Y,,Y,,,,Y
lexed_file,Y,Y,,Y,Y,,Y,Y,
lexer,,,,,,,,Y,
logger,,Y,Y,,Y,,,Y,Y
maxlevel,Y,Y,,Y,Y,Y,Y,Y,Y
minlevel,Y,Y,,Y,Y,Y,Y,Y,Y
nodes,,,,,Y,,,,
output_file,,,,Y,Y,Y,Y,Y,Y
output_string,,,,,,,,,Y
parsed_file,,,,Y,Y,Y,Y,Y,Y
parser,,,,,,,,Y,
renderer,,,,,Y,,,Y,
report_forest,,,,Y,Y,,Y,Y,
report_items,Y,Y,,Y,Y,,Y,Y,
report_stt,Y,Y,Y,,,,Y,Y,
start,,,Y,,,,,,
state,,,Y,,,,,,
stt_file,Y,Y,,,,,Y,Y,
style,,,,,Y,,,,
subgraph,,,Y,,,,,,
subgraph_count,,,Y,,,,,,
timeout,Y,Y,,,,,Y,Y,
tokens,,,,,Y,,,,Y
type,Y,Y,,,Y,,Y,Y,
utils,,Y,,,Y,,,,Y
verbose,,,Y,,,,,,
